{
  "sbert": {
    "map": 0.6320575396825396,
    "metrics": {
      "1": {
        "precision": 0.55,
        "recall": 0.55,
        "mrr": 0.55
      },
      "3": {
        "precision": 0.7,
        "recall": 0.7,
        "mrr": 0.615
      },
      "5": {
        "precision": 0.735,
        "recall": 0.735,
        "mrr": 0.6225
      },
      "10": {
        "precision": 0.805,
        "recall": 0.805,
        "mrr": 0.6320575396825396
      }
    }
  },
  "tfidf": {
    "map": 0.699906746031746,
    "metrics": {
      "1": {
        "precision": 0.65,
        "recall": 0.65,
        "mrr": 0.65
      },
      "3": {
        "precision": 0.735,
        "recall": 0.735,
        "mrr": 0.6866666666666665
      },
      "5": {
        "precision": 0.76,
        "recall": 0.76,
        "mrr": 0.6924166666666666
      },
      "10": {
        "precision": 0.815,
        "recall": 0.815,
        "mrr": 0.699906746031746
      }
    }
  },
  "lda": {
    "map": 0.48267063492063494,
    "metrics": {
      "1": {
        "precision": 0.345,
        "recall": 0.345,
        "mrr": 0.345
      },
      "3": {
        "precision": 0.59,
        "recall": 0.59,
        "mrr": 0.445
      },
      "5": {
        "precision": 0.67,
        "recall": 0.67,
        "mrr": 0.46275000000000005
      },
      "10": {
        "precision": 0.825,
        "recall": 0.825,
        "mrr": 0.48267063492063494
      }
    }
  }
}